f,c,ohms,type
-40,-40.00,846.64,1K-375
-38,-38.89,850.92,1K-375
-36,-37.78,855.20,1K-375
-34,-36.67,859.48,1K-375
-32,-35.56,863.76,1K-375
-30,-34.44,868.07,1K-375
-28,-33.33,872.34,1K-375
-26,-32.22,876.62,1K-375
-24,-31.11,880.89,1K-375
-22,-30.00,885.16,1K-375
-20,-28.89,889.43,1K-375
-18,-27.78,893.69,1K-375
-16,-26.67,897.96,1K-375
-14,-25.56,902.22,1K-375
-12,-24.44,906.52,1K-375
-10,-23.33,910.79,1K-375
-8,-22.22,915.04,1K-375
-6,-21.11,919.30,1K-375
-4,-20.00,923.56,1K-375
-2,-18.89,927.81,1K-375
0,-17.78,932.07,1K-375
2,-16.67,936.32,1K-375
4,-15.56,940.57,1K-375
6,-14.44,944.86,1K-375
8,-13.33,949.11,1K-375
10,-12.22,953.35,1K-375
12,-11.11,957.60,1K-375
14,-10.00,961.84,1K-375
16,-8.89,966.08,1K-375
18,-7.78,970.32,1K-375
20,-6.67,974.56,1K-375
22,-5.56,978.80,1K-375
24,-4.44,983.07,1K-375
26,-3.33,987.31,1K-375
28,-2.22,991.54,1K-375
30,-1.11,995.77,1K-375
32,0.00,1000.00,1K-375
34,1.11,1004.23,1K-375
36,2.22,1008.46,1K-375
38,3.33,1012.68,1K-375
40,4.44,1016.90,1K-375
42,5.56,1021.16,1K-375
44,6.67,1025.39,1K-375
46,7.78,1029.61,1K-375
48,8.89,1033.82,1K-375
50,10.00,1038.04,1K-375
52,11.11,1042.25,1K-375
54,12.22,1046.47,1K-375
56,13.33,1050.68,1K-375
58,14.44,1054.89,1K-375
60,15.56,1059.14,1K-375
62,16.67,1063.35,1K-375
64,17.78,1067.55,1K-375
66,18.89,1071.76,1K-375
68,20.00,1075.96,1K-375
70,21.11,1080.16,1K-375
72,22.22,1084.36,1K-375
74,23.33,1088.56,1K-375
76,24.44,1092.76,1K-375
78,25.56,1096.99,1K-375
80,26.67,1101.18,1K-375
82,27.78,1105.38,1K-375
84,28.89,1109.57,1K-375
86,30.00,1113.76,1K-375
88,31.11,1117.95,1K-375
90,32.22,1122.13,1K-375
92,33.33,1126.32,1K-375
94,34.44,1130.50,1K-375
96,35.56,1134.72,1K-375
98,36.67,1138.90,1K-375
100,37.78,1143.08,1K-375
102,38.89,1147.26,1K-375
104,40.00,1151.44,1K-375
106,41.11,1155.61,1K-375
108,42.22,1159.79,1K-375
110,43.33,1163.96,1K-375
112,44.44,1168.13,1K-375
114,45.56,1172.33,1K-375
116,46.67,1176.50,1K-375
118,47.78,1180.67,1K-375
120,48.89,1184.83,1K-375
122,50.00,1189.00,1K-375
124,51.11,1193.16,1K-375
126,52.22,1197.32,1K-375
128,53.33,1201.48,1K-375
130,54.44,1205.63,1K-375
132,55.56,1209.83,1K-375
134,56.67,1213.98,1K-375
136,57.78,1218.13,1K-375
138,58.89,1222.28,1K-375
140,60.00,1226.43,1K-375
142,61.11,1230.58,1K-375
144,62.22,1234.73,1K-375
146,63.33,1238.87,1K-375
148,64.44,1243.02,1K-375
150,65.56,1247.20,1K-375
152,66.67,1251.34,1K-375
154,67.78,1255.48,1K-375
156,68.89,1259.61,1K-375
158,70.00,1263.75,1K-375
160,71.11,1267.89,1K-375
162,72.22,1272.02,1K-375
164,73.33,1276.15,1K-375
166,74.44,1280.28,1K-375
168,75.56,1284.45,1K-375
170,76.67,1288.57,1K-375
172,77.78,1292.70,1K-375
174,78.89,1296.82,1K-375
176,80.00,1300.95,1K-375
178,81.11,1305.07,1K-375
180,82.22,1309.19,1K-375
182,83.33,1313.31,1K-375
184,84.44,1317.42,1K-375
186,85.56,1321.58,1K-375
-40,-40.00,699.28,1K-Ni
-38,-38.89,704.3,1K-Ni
-36,-37.78,709.47,1K-Ni
-34,-36.67,714.58,1K-Ni
-32,-35.56,719.70,1K-Ni
-30,-34.44,724.84,1K-Ni
-28,-33.33,729.98,1K-Ni
-26,-32.22,735.14,1K-Ni
-24,-31.11,740.31,1K-Ni
-22,-30.00,745.49,1K-Ni
-20,-28.89,750.68,1K-Ni
-18,-27.78,755.89,1K-Ni
-16,-26.67,761.11,1K-Ni
-14,-25.56,766.35,1K-Ni
-12,-24.44,771.60,1K-Ni
-10,-23.33,776.86,1K-Ni
-8,-22.22,782.14,1K-Ni
-6,-21.11,787.44,1K-Ni
-4,-20.00,792.75,1K-Ni
-2,-18.89,798.07,1K-Ni
0,-17.78,803.41,1K-Ni
2,-16.67,808.76,1K-Ni
4,-15.56,814.13,1K-Ni
6,-14.44,819.52,1K-Ni
8,-13.33,824.92,1K-Ni
10,-12.22,830.34,1K-Ni
12,-11.11,835.77,1K-Ni
14,-10.00,841.22,1K-Ni
16,-8.89,846.69,1K-Ni
18,-7.78,852.17,1K-Ni
20,-6.67,857.66,1K-Ni
22,-5.56,863.18,1K-Ni
24,-4.44,868.71,1K-Ni
26,-3.33,874.25,1K-Ni
28,-2.22,879.81,1K-Ni
30,-1.11,885.39,1K-Ni
32,0.00,890.98,1K-Ni
34,1.11,896.59,1K-Ni
36,2.22,902.21,1K-Ni
38,3.33,907.85,1K-Ni
40,4.44,913.51,1K-Ni
42,5.56,919.18,1K-Ni
44,6.67,924.87,1K-Ni
46,7.78,930.57,1K-Ni
48,8.89,936.29,1K-Ni
50,10.00,942.02,1K-Ni
52,11.11,947.77,1K-Ni
54,12.22,953.53,1K-Ni
56,13.33,959.31,1K-Ni
58,14.44,965.11,1K-Ni
60,15.56,970.92,1K-Ni
62,16.67,976.74,1K-Ni
64,17.78,982.59,1K-Ni
66,18.89,988.44,1K-Ni
68,20.00,994.31,1K-Ni
70,21.11,1000.20,1K-Ni
72,22.22,1006.10,1K-Ni
74,23.33,1012.02,1K-Ni
76,24.44,1017.95,1K-Ni
78,25.56,1023.89,1K-Ni
80,26.67,1029.86,1K-Ni
82,27.78,1035.83,1K-Ni
84,28.89,1041.82,1K-Ni
86,30.00,1047.83,1K-Ni
88,31.11,1053.85,1K-Ni
90,32.22,1059.89,1K-Ni
92,33.33,1065.94,1K-Ni
94,34.44,1072.00,1K-Ni
96,35.56,1078.08,1K-Ni
98,36.67,1084.18,1K-Ni
100,37.78,1090.29,1K-Ni
102,38.89,1096.42,1K-Ni
104,40.00,1102.56,1K-Ni
106,41.11,1108.71,1K-Ni
108,42.22,1114.89,1K-Ni
110,43.33,1121.07,1K-Ni
112,44.44,1127.27,1K-Ni
114,45.56,1133.49,1K-Ni
116,46.67,1139.72,1K-Ni
118,47.78,1145.97,1K-Ni
120,48.89,1152.24,1K-Ni
122,50.00,1158.52,1K-Ni
124,51.11,1164.81,1K-Ni
126,52.22,1171.12,1K-Ni
128,53.33,1177.45,1K-Ni
130,54.44,1183.79,1K-Ni
132,55.56,1190.15,1K-Ni
134,56.67,1196.53,1K-Ni
136,57.78,1202.92,1K-Ni
138,58.89,1209.33,1K-Ni
140,60.00,1215.75,1K-Ni
142,61.11,1222.19,1K-Ni
144,62.22,1228.65,1K-Ni
146,63.33,1235.12,1K-Ni
148,64.44,1241.62,1K-Ni
150,65.56,1248.13,1K-Ni
152,66.67,1254.65,1K-Ni
154,67.78,1261.20,1K-Ni
156,68.89,1267.76,1K-Ni
158,70.00,1274.34,1K-Ni
160,71.11,1280.93,1K-Ni
162,72.22,1287.55,1K-Ni
164,73.33,1294.18,1K-Ni
166,74.44,1300.83,1K-Ni
168,75.56,1307.50,1K-Ni
170,76.67,1314.19,1K-Ni
172,77.78,1320.89,1K-Ni
174,78.89,1327.62,1K-Ni
176,80.00,1334.36,1K-Ni
178,81.11,1341.12,1K-Ni
180,82.22,1347.90,1K-Ni
182,83.33,1354.70,1K-Ni
184,84.44,1361.52,1K-Ni
186,85.56,1368.36,1K-Ni
-40.00,-40.00,842.75,1K-Pt
-38.00,-38.89,847.14,1K-Pt
-36.00,-37.78,851.53,1K-Pt
-34.00,-36.67,855.91,1K-Pt
-32.00,-35.56,860.30,1K-Pt
-30.00,-34.44,864.72,1K-Pt
-28.00,-33.33,869.10,1K-Pt
-26.00,-32.22,873.48,1K-Pt
-24.00,-31.11,877.86,1K-Pt
-22.00,-30.00,882.24,1K-Pt
-20.00,-28.89,886.61,1K-Pt
-18.00,-27.78,890.99,1K-Pt
-16.00,-26.67,895.36,1K-Pt
-14.00,-25.56,899.73,1K-Pt
-12.00,-24.44,904.14,1K-Pt
-10.00,-23.33,908.51,1K-Pt
-8.00,-22.22,912.88,1K-Pt
-6.00,-21.11,917.24,1K-Pt
-4.00,-20.00,921.61,1K-Pt
-2.00,-18.89,925.97,1K-Pt
0.00,-17.78,930.33,1K-Pt
2.00,-16.67,934.69,1K-Pt
4.00,-15.56,939.05,1K-Pt
6.00,-14.44,943.45,1K-Pt
8.00,-13.33,947.80,1K-Pt
10.00,-12.22,952.16,1K-Pt
12.00,-11.11,956.51,1K-Pt
14.00,-10.00,960.86,1K-Pt
16.00,-8.89,965.21,1K-Pt
18.00,-7.78,969.56,1K-Pt
20.00,-6.67,973.91,1K-Pt
22.00,-5.56,978.25,1K-Pt
24.00,-4.44,982.64,1K-Pt
26.00,-3.33,986.98,1K-Pt
28.00,-2.22,991.32,1K-Pt
30.00,-1.11,995.66,1K-Pt
32.00,0.00,1000.00,1K-Pt
34.00,1.11,1004.34,1K-Pt
36.00,2.22,1008.67,1K-Pt
38.00,3.33,1013.01,1K-Pt
40.00,4.44,1017.34,1K-Pt
42.00,5.56,1021.71,1K-Pt
44.00,6.67,1026.04,1K-Pt
46.00,7.78,1030.37,1K-Pt
48.00,8.89,1034.70,1K-Pt
50.00,10.00,1039.02,1K-Pt
52.00,11.11,1043.35,1K-Pt
54.00,12.22,1047.67,1K-Pt
56.00,13.33,1051.99,1K-Pt
58.00,14.44,1056.31,1K-Pt
60.00,15.56,1060.67,1K-Pt
62.00,16.67,1064.99,1K-Pt
64.00,17.78,1069.30,1K-Pt
66.00,18.89,1073.62,1K-Pt
68.00,20.00,1077.93,1K-Pt
70.00,21.11,1082.24,1K-Pt
72.00,22.22,1086.55,1K-Pt
74.00,23.33,1090.86,1K-Pt
76.00,24.44,1095.17,1K-Pt
78.00,25.56,1099.51,1K-Pt
80.00,26.67,1103.81,1K-Pt
82.00,27.78,1108.12,1K-Pt
84.00,28.89,1112.42,1K-Pt
86.00,30.00,1116.72,1K-Pt
88.00,31.11,1121.02,1K-Pt
90.00,32.22,1125.31,1K-Pt
92.00,33.33,1129.61,1K-Pt
94.00,34.44,1133.90,1K-Pt
96.00,35.56,1138.24,1K-Pt
98.00,36.67,1142.53,1K-Pt
100.00,37.78,1146.82,1K-Pt
102.00,38.89,1151.11,1K-Pt
104.00,40.00,1155.39,1K-Pt
106.00,41.11,1159.68,1K-Pt
108.00,42.22,1163.96,1K-Pt
110.00,43.33,1168.25,1K-Pt
112.00,44.44,1172.53,1K-Pt
114.00,45.56,1176.85,1K-Pt
116.00,46.67,1181.12,1K-Pt
118.00,47.78,1185.40,1K-Pt
120.00,48.89,1189.68,1K-Pt
122.00,50.00,1193.95,1K-Pt
124.00,51.11,1198.22,1K-Pt
126.00,52.22,1202.49,1K-Pt
128.00,53.33,1206.76,1K-Pt
130.00,54.44,1211.03,1K-Pt
132.00,55.56,1215.34,1K-Pt
134.00,56.67,1219.60,1K-Pt
136.00,57.78,1223.87,1K-Pt
138.00,58.89,1228.13,1K-Pt
140.00,60.00,1232.39,1K-Pt
142.00,61.11,1236.65,1K-Pt
144.00,62.22,1240.91,1K-Pt
146.00,63.33,1245.17,1K-Pt
148.00,64.44,1249.42,1K-Pt
150.00,65.56,1253.72,1K-Pt
152.00,66.67,1257.97,1K-Pt
154.00,67.78,1262.22,1K-Pt
156.00,68.89,1266.47,1K-Pt
158.00,70.00,1270.72,1K-Pt
160.00,71.11,1274.97,1K-Pt
162.00,72.22,1279.21,1K-Pt
164.00,73.33,1283.46,1K-Pt
166.00,74.44,1287.70,1K-Pt
168.00,75.56,1291.98,1K-Pt
170.00,76.67,1296.22,1K-Pt
172.00,77.78,1300.46,1K-Pt
174.00,78.89,1304.69,1K-Pt
176.00,80.00,1308.93,1K-Pt
178.00,81.11,1313.16,1K-Pt
180.00,82.22,1317.40,1K-Pt
182.00,83.33,1321.63,1K-Pt
184.00,84.44,1325.86,1K-Pt
186.00,85.56,1330.12,1K-Pt
-39,-39.44,37793,1.8K
-37,-38.33,35455,1.8K
-35,-37.22,33277,1.8K
-33,-36.11,31248,1.8K
-31,-35,29356,1.8K
-29,-33.89,27591,1.8K
-27,-32.78,25945,1.8K
-25,-31.67,24408,1.8K
-23,-30.56,22972,1.8K
-21,-29.44,21619,1.8K
-19,-28.33,20365,1.8K
-17,-27.22,19193,1.8K
-15,-26.11,18096,1.8K
-13,-25,17069,1.8K
-11,-23.89,16107,1.8K
-9,-22.78,15205,1.8K
-7,-21.67,14360,1.8K
-5,-20.56,13568,1.8K
-3,-19.44,12818,1.8K
-1,-18.33,12120,1.8K
1,-17.22,11466,1.8K
3,-16.11,10850,1.8K
5,-15,10272,1.8K
7,-13.89,9728,1.8K
9,-12.78,9217,1.8K
11,-11.67,8736,1.8K
13,-10.56,8283,1.8K
15,-9.44,7853,1.8K
17,-8.33,7451,1.8K
19,-7.22,7073,1.8K
21,-6.11,6716,1.8K
23,-5,6379,1.8K
25,-3.89,6062,1.8K
27,-2.78,5762,1.8K
29,-1.67,5479,1.8K
31,-0.56,5212,1.8K
33,0.56,4957,1.8K
35,1.67,4718,1.8K
37,2.78,4493,1.8K
39,3.89,4279,1.8K
41,5,4077,1.8K
43,6.11,3886,1.8K
45,7.22,3705,1.8K
47,8.33,3534,1.8K
49,9.44,3371,1.8K
51,10.56,3216,1.8K
53,11.67,3070,1.8K
55,12.78,2932,1.8K
57,13.89,2801,1.8K
59,15,2676,1.8K
61,16.11,2558,1.8K
63,17.22,2445,1.8K
65,18.33,2339,1.8K
67,19.44,2237,1.8K
69,20.56,2140,1.8K
71,21.67,2048,1.8K
73,22.78,1961,1.8K
75,23.89,1878,1.8K
77,25,1799,1.8K
79,26.11,1724,1.8K
81,27.22,1653,1.8K
83,28.33,1585,1.8K
85,29.44,1520,1.8K
87,30.56,1457,1.8K
89,31.67,1398,1.8K
91,32.78,1342,1.8K
93,33.89,1289,1.8K
95,35,1237,1.8K
97,36.11,1189,1.8K
99,37.22,1142,1.8K
101,38.33,1097,1.8K
103,39.44,1055,1.8K
105,40.56,1014,1.8K
107,41.67,975,1.8K
109,42.78,938,1.8K
111,43.89,903,1.8K
113,45,869,1.8K
115,46.11,836,1.8K
117,47.22,805,1.8K
119,48.33,775,1.8K
121,49.44,747,1.8K
123,50.56,720,1.8K
125,51.67,693,1.8K
127,52.78,668,1.8K
129,53.89,644,1.8K
131,55,622,1.8K
133,56.11,600,1.8K
135,57.22,578,1.8K
137,58.33,558,1.8K
139,59.44,539,1.8K
141,60.56,520,1.8K
143,61.67,502,1.8K
145,62.78,485,1.8K
147,63.89,469,1.8K
149,65,453,1.8K
151,66.11,437,1.8K
153,67.22,423,1.8K
155,68.33,409,1.8K
157,69.44,395,1.8K
159,70.56,382,1.8K
161,71.67,370,1.8K
163,72.78,358,1.8K
165,73.89,346,1.8K
167,75,335,1.8K
169,76.11,324,1.8K
171,77.22,314,1.8K
173,78.33,304,1.8K
175,79.44,295,1.8K
177,80.56,285,1.8K
179,81.67,277,1.8K
181,82.78,268,1.8K
183,83.89,260,1.8K
185,85,252,1.8K
187,86.11,244,1.8K
-39,-39.44,72730,2.2K
-37,-38.33,67606,2.2K
-35,-37.22,62878,2.2K
-33,-36.11,58513,2.2K
-31,-35.00,54481,2.2K
-29,-33.89,50753,2.2K
-27,-32.78,47306,2.2K
-25,-31.67,44116,2.2K
-23,-30.56,41162,2.2K
-21,-29.44,38403,2.2K
-19,-28.33,35869,2.2K
-17,-27.22,33519,2.2K
-15,-26.11,31338,2.2K
-13,-25.00,29314,2.2K
-11,-23.89,27434,2.2K
-9,-22.78,25687,2.2K
-7,-21.67,24063,2.2K
-5,-20.56,22552,2.2K
-3,-19.44,21134,2.2K
-1,-18.33,19826,2.2K
1,-17.22,18607,2.2K
3,-16.11,17471,2.2K
5,-15.00,16412,2.2K
7,-13.89,15424,2.2K
9,-12.78,14502,2.2K
11,-11.67,13641,2.2K
13,-10.56,12837,2.2K
15,-9.44,12079,2.2K
17,-8.33,11376,2.2K
19,-7.22,10719,2.2K
21,-6.11,10104,2.2K
23,-5.00,9529,2.2K
25,-3.89,8989,2.2K
27,-2.78,8484,2.2K
29,-1.67,8011,2.2K
31,-0.56,7566,2.2K
33,0.56,7146,2.2K
35,1.67,6755,2.2K
37,2.78,6388,2.2K
39,3.89,6043,2.2K
41,5.00,5719,2.2K
43,6.11,5414,2.2K
45,7.22,5128,2.2K
47,8.33,4858,2.2K
49,9.44,4605,2.2K
51,10.56,4364,2.2K
53,11.67,4139,2.2K
55,12.78,3927,2.2K
57,13.89,3727,2.2K
59,15.00,3539,2.2K
61,16.11,3361,2.2K
63,17.22,3194,2.2K
65,18.33,3035,2.2K
67,19.44,2886,2.2K
69,20.56,2743,2.2K
71,21.67,2610,2.2K
73,22.78,2484,2.2K
75,23.89,2365,2.2K
77,25.00,2252,2.2K
79,26.11,2145,2.2K
81,27.22,2044,2.2K
83,28.33,1949,2.2K
85,29.44,1858,2.2K
87,30.56,1771,2.2K
89,31.67,1690,2.2K
91,32.78,1613,2.2K
93,33.89,1540,2.2K
95,35.00,1471,2.2K
97,36.11,1405,2.2K
99,37.22,1342,2.2K
101,38.33,1283,2.2K
103,39.44,1226,2.2K
105,40.56,1172,2.2K
107,41.67,1122,2.2K
109,42.78,1073,2.2K
111,43.89,1027,2.2K
113,45.00,983,2.2K
115,46.11,942,2.2K
117,47.22,902,2.2K
119,48.33,864,2.2K
121,49.44,828,2.2K
123,50.56,794,2.2K
125,51.67,761,2.2K
127,52.78,730,2.2K
129,53.89,700,2.2K
131,55.00,672,2.2K
133,56.11,645,2.2K
135,57.22,619,2.2K
137,58.33,595,2.2K
139,59.44,571,2.2K
141,60.56,549,2.2K
143,61.67,528,2.2K
145,62.78,507,2.2K
147,63.89,488,2.2K
149,65.00,469,2.2K
151,66.11,451,2.2K
153,67.22,434,2.2K
155,68.33,418,2.2K
157,69.44,402,2.2K
159,70.56,387,2.2K
161,71.67,373,2.2K
163,72.78,359,2.2K
165,73.89,346,2.2K
167,75.00,333,2.2K
169,76.11,321,2.2K
171,77.22,310,2.2K
173,78.33,299,2.2K
175,79.44,288,2.2K
177,80.56,278,2.2K
179,81.67,268,2.2K
181,82.78,259,2.2K
183,83.89,250,2.2K
185,85.00,241,2.2K
187,86.11,233,2.2K
-39,-39.44,96941,3K
-37,-38.33,90108,3K
-35,-37.22,83804,3K
-33,-36.11,77983,3K
-31,-35.00,72607,3K
-29,-33.89,67637,3K
-27,-32.78,63041,3K
-25,-31.67,58789,3K
-23,-30.56,54851,3K
-21,-29.44,51173,3K
-19,-28.33,47795,3K
-17,-27.22,44663,3K
-15,-26.11,41756,3K
-13,-25.00,39059,3K
-11,-23.89,36553,3K
-9,-22.78,34225,3K
-7,-21.67,32061,3K
-5,-20.56,30047,3K
-3,-19.44,28157,3K
-1,-18.33,26414,3K
1,-17.22,24790,3K
3,-16.11,23277,3K
5,-15.00,21865,3K
7,-13.89,20549,3K
9,-12.78,19320,3K
11,-11.67,18173,3K
13,-10.56,17101,3K
15,-9.44,16091,3K
17,-8.33,15155,3K
19,-7.22,14280,3K
21,-6.11,13461,3K
23,-5.00,12694,3K
25,-3.89,11975,3K
27,-2.78,11302,3K
29,-1.67,10671,3K
31,-0.56,10079,3K
33,0.56,9519,3K
35,1.67,8999,3K
37,2.78,8510,3K
39,3.89,8050,3K
41,5.00,7619,3K
43,6.11,7213,3K
45,7.22,6831,3K
47,8.33,6472,3K
49,9.44,6134,3K
51,10.56,5813,3K
53,11.67,5513,3K
55,12.78,5231,3K
57,13.89,4965,3K
59,15.00,4714,3K
61,16.11,4478,3K
63,17.22,4254,3K
65,18.33,4043,3K
67,19.44,3844,3K
69,20.56,3655,3K
71,21.67,3477,3K
73,22.78,3309,3K
75,23.89,3150,3K
77,25.00,3000,3K
79,26.11,2858,3K
81,27.22,2723,3K
83,28.33,2596,3K
85,29.44,2475,3K
87,30.56,2360,3K
89,31.67,2252,3K
91,32.78,2149,3K
93,33.89,2051,3K
95,35.00,1959,3K
97,36.11,1871,3K
99,37.22,1788,3K
101,38.33,1709,3K
103,39.44,1634,3K
105,40.56,1562,3K
107,41.67,1494,3K
109,42.78,1430,3K
111,43.89,1368,3K
113,45.00,1310,3K
115,46.11,1255,3K
117,47.22,1202,3K
119,48.33,1151,3K
121,49.44,1104,3K
123,50.56,1058,3K
125,51.67,1014,3K
127,52.78,973,3K
129,53.89,933,3K
131,55.00,895,3K
133,56.11,860,3K
135,57.22,825,3K
137,58.33,793,3K
139,59.44,761,3K
141,60.56,731,3K
143,61.67,703,3K
145,62.78,676,3K
147,63.89,650,3K
149,65.00,625,3K
151,66.11,601,3K
153,67.22,578,3K
155,68.33,556,3K
157,69.44,536,3K
159,70.56,516,3K
161,71.67,496,3K
163,72.78,478,3K
165,73.89,461,3K
167,75.00,444,3K
169,76.11,428,3K
171,77.22,413,3K
173,78.33,398,3K
175,79.44,384,3K
177,80.56,370,3K
179,81.67,357,3K
181,82.78,345,3K
183,83.89,333,3K
185,85.00,321,3K
187,86.11,310,3K
-39,-39.44,15186.56,3.25K
-37,-38.33,15052.49,3.25K
-35,-37.22,14911.96,3.25K
-33,-36.11,14764.88,3.25K
-31,-35.00,14611.20,3.25K
-29,-33.89,14450.88,3.25K
-27,-32.78,14283.92,3.25K
-25,-31.67,14110.34,3.25K
-23,-30.56,13930.19,3.25K
-21,-29.44,13743.55,3.25K
-19,-28.33,13550.53,3.25K
-17,-27.22,13351.29,3.25K
-15,-26.11,13145.98,3.25K
-13,-25.00,12934.84,3.25K
-11,-23.89,12718.09,3.25K
-9,-22.78,12496.01,3.25K
-7,-21.67,12268.90,3.25K
-5,-20.56,12037.10,3.25K
-3,-19.44,11800.96,3.25K
-1,-18.33,11560.87,3.25K
1,-17.22,11317.24,3.25K
3,-16.11,11070.48,3.25K
5,-15.00,10821.04,3.25K
7,-13.89,10569.37,3.25K
9,-12.78,10315.94,3.25K
11,-11.67,10061.23,3.25K
13,-10.56,9805.69,3.25K
15,-9.44,9549.82,3.25K
17,-8.33,9294.07,3.25K
19,-7.22,9038.90,3.25K
21,-6.11,8784.77,3.25K
23,-5.00,8532.11,3.25K
25,-3.89,8281.35,3.25K
27,-2.78,8032.88,3.25K
29,-1.67,7787.08,3.25K
31,-0.56,7544.32,3.25K
33,0.56,7304.92,3.25K
35,1.67,7069.20,3.25K
37,2.78,6837.44,3.25K
39,3.89,6609.89,3.25K
41,5.00,6386.78,3.25K
43,6.11,6168.32,3.25K
45,7.22,5954.67,3.25K
47,8.33,5745.99,3.25K
49,9.44,5542.40,3.25K
51,10.56,5344.00,3.25K
53,11.67,5150.86,3.25K
55,12.78,4963.05,3.25K
57,13.89,4780.59,3.25K
59,15.00,4603.49,3.25K
61,16.11,4431.76,3.25K
63,17.22,4265.36,3.25K
65,18.33,4104.27,3.25K
67,19.44,3948.43,3.25K
69,20.56,3797.79,3.25K
71,21.67,3652.26,3.25K
73,22.78,3511.76,3.25K
75,23.89,3376.20,3.25K
77,25.00,3245.47,3.25K
79,26.11,3119.49,3.25K
81,27.22,2998.12,3.25K
83,28.33,2881.26,3.25K
85,29.44,2768.79,3.25K
87,30.56,2660.58,3.25K
89,31.67,2556.51,3.25K
91,32.78,2456.46,3.25K
93,33.89,2360.31,3.25K
95,35.00,2267.92,3.25K
97,36.11,2179.17,3.25K
99,37.22,2093.95,3.25K
101,38.33,2012.12,3.25K
103,39.44,1933.57,3.25K
105,40.56,1858.18,3.25K
107,41.67,1785.84,3.25K
109,42.78,1716.42,3.25K
111,43.89,1649.82,3.25K
113,45.00,1585.94,3.25K
115,46.11,1524.66,3.25K
117,47.22,1465.89,3.25K
119,48.33,1409.52,3.25K
121,49.44,1355.46,3.25K
123,50.56,1303.62,3.25K
125,51.67,1253.90,3.25K
127,52.78,1206.22,3.25K
129,53.89,1160.50,3.25K
131,55.00,1116.66,3.25K
133,56.11,1074.61,3.25K
135,57.22,1034.28,3.25K
137,58.33,995.60,3.25K
139,59.44,958.80,3.25K
141,60.56,922.92,3.25K
143,61.67,888.78,3.25K
145,62.78,856.04,3.25K
147,63.89,824.62,3.25K
149,65.00,794.48,3.25K
151,66.11,765.56,3.25K
153,67.22,737.80,3.25K
155,68.33,711.16,3.25K
157,69.44,685.59,3.25K
159,70.56,661.04,3.25K
161,71.67,637.48,3.25K
163,72.78,614.85,3.25K
165,73.89,593.12,3.25K
167,75.00,572.26,3.25K
169,76.11,552.21,3.25K
171,77.22,532.96,3.25K
173,78.33,514.46,3.25K
175,79.44,496.68,3.25K
177,80.56,479.60,3.25K
179,81.67,463.18,3.25K
181,82.78,447.40,3.25K
183,83.89,432.22,3.25K
185,85.00,417.63,3.25K
187,86.11,403.60,3.25K
-39,-39.44,106795,3.3K
-37,-38.33,99266,3.3K
-35,-37.22,92318,3.3K
-33,-36.11,85904,3.3K
-31,-35.00,79980,3.3K
-29,-33.89,74504,3.3K
-27,-32.78,69440,3.3K
-25,-31.67,64754,3.3K
-23,-30.56,60416,3.3K
-21,-29.44,56363,3.3K
-19,-28.33,52642,3.3K
-17,-27.22,49191,3.3K
-15,-26.11,45989,3.3K
-13,-25.00,43018,3.3K
-11,-23.89,40257,3.3K
-9,-22.78,37693,3.3K
-7,-21.67,35308,3.3K
-5,-20.56,33091,3.3K
-3,-19.44,31009,3.3K
-1,-18.33,29089,3.3K
1,-17.22,27300,3.3K
3,-16.11,25633,3.3K
5,-15.00,24078,3.3K
7,-13.89,22628,3.3K
9,-12.78,21275,3.3K
11,-11.67,20012,3.3K
13,-10.56,18831,3.3K
15,-9.44,17719,3.3K
17,-8.33,16688,3.3K
19,-7.22,15724,3.3K
21,-6.11,14822,3.3K
23,-5.00,13977,3.3K
25,-3.89,13186,3.3K
27,-2.78,12445,3.3K
29,-1.67,11750,3.3K
31,-0.56,11098,3.3K
33,0.56,10481,3.3K
35,1.67,9908,3.3K
37,2.78,9369,3.3K
39,3.89,8863,3.3K
41,5.00,8388,3.3K
43,6.11,7941,3.3K
45,7.22,7521,3.3K
47,8.33,7126,3.3K
49,9.44,6753,3.3K
51,10.56,6400,3.3K
53,11.67,6070,3.3K
55,12.78,5759,3.3K
57,13.89,5466,3.3K
59,15.00,5190,3.3K
61,16.11,4929,3.3K
63,17.22,4684,3.3K
65,18.33,4451,3.3K
67,19.44,4232,3.3K
69,20.56,4023,3.3K
71,21.67,3828,3.3K
73,22.78,3643,3.3K
75,23.89,3468,3.3K
77,25.00,3303,3.3K
79,26.11,3146,3.3K
81,27.22,2998,3.3K
83,28.33,2858,3.3K
85,29.44,2725,3.3K
87,30.56,2598,3.3K
89,31.67,2479,3.3K
91,32.78,2366,3.3K
93,33.89,2258,3.3K
95,35.00,2157,3.3K
97,36.11,2060,3.3K
99,37.22,1968,3.3K
101,38.33,1881,3.3K
103,39.44,1799,3.3K
105,40.56,1719,3.3K
107,41.67,1645,3.3K
109,42.78,1574,3.3K
111,43.89,1506,3.3K
113,45.00,1442,3.3K
115,46.11,1381,3.3K
117,47.22,1323,3.3K
119,48.33,1267,3.3K
121,49.44,1215,3.3K
123,50.56,1164,3.3K
125,51.67,1116,3.3K
127,52.78,1071,3.3K
129,53.89,1027,3.3K
131,55.00,986,3.3K
133,56.11,946,3.3K
135,57.22,908,3.3K
137,58.33,872,3.3K
139,59.44,838,3.3K
141,60.56,805,3.3K
143,61.67,774,3.3K
145,62.78,744,3.3K
147,63.89,715,3.3K
149,65.00,688,3.3K
151,66.11,661,3.3K
153,67.22,636,3.3K
155,68.33,612,3.3K
157,69.44,590,3.3K
159,70.56,567,3.3K
161,71.67,546,3.3K
163,72.78,526,3.3K
165,73.89,507,3.3K
167,75.00,489,3.3K
169,76.11,471,3.3K
171,77.22,454,3.3K
173,78.33,438,3.3K
175,79.44,422,3.3K
177,80.56,407,3.3K
179,81.67,393,3.3K
181,82.78,379,3.3K
183,83.89,366,3.3K
185,85.00,354,3.3K
187,86.11,341,3.3K
-39,-39.44,323839,10K-2
-37,-38.33,300974,10K-2
-35,-37.22,279880,10K-2
-33,-36.11,260410,10K-2
-31,-35.00,242427,10K-2
-29,-33.89,225809,10K-2
-27,-32.78,210443,10K-2
-25,-31.67,196227,10K-2
-23,-30.56,183068,10K-2
-21,-29.44,170775,10K-2
-19,-28.33,159488,10K-2
-17,-27.22,149024,10K-2
-15,-26.11,139316,10K-2
-13,-25.00,130306,10K-2
-11,-23.89,121939,10K-2
-9,-22.78,114165,10K-2
-7,-21.67,106939,10K-2
-5,-20.56,100218,10K-2
-3,-19.44,93909,10K-2
-1,-18.33,88090,10K-2
1,-17.22,82670,10K-2
3,-16.11,77620,10K-2
5,-15.00,72911,10K-2
7,-13.89,68518,10K-2
9,-12.78,64419,10K-2
11,-11.67,60592,10K-2
13,-10.56,57017,10K-2
15,-9.44,53647,10K-2
17,-8.33,50526,10K-2
19,-7.22,47606,10K-2
21,-6.11,44874,10K-2
23,-5.00,42317,10K-2
25,-3.89,39921,10K-2
27,-2.78,37676,10K-2
29,-1.67,35573,10K-2
31,-0.56,33599,10K-2
33,0.56,31732,10K-2
35,1.67,29996,10K-2
37,2.78,28365,10K-2
39,3.89,26834,10K-2
41,5.00,25395,10K-2
43,6.11,24042,10K-2
45,7.22,22770,10K-2
47,8.33,21573,10K-2
49,9.44,20446,10K-2
51,10.56,19376,10K-2
53,11.67,18378,10K-2
55,12.78,17437,10K-2
57,13.89,16550,10K-2
59,15.00,15714,10K-2
61,16.11,14925,10K-2
63,17.22,14180,10K-2
65,18.33,13478,10K-2
67,19.44,12814,10K-2
69,20.56,12182,10K-2
71,21.67,11590,10K-2
73,22.78,11030,10K-2
75,23.89,10501,10K-2
77,25.00,10000,10K-2
79,26.11,9526,10K-2
81,27.22,9078,10K-2
83,28.33,8653,10K-2
85,29.44,8251,10K-2
87,30.56,7866,10K-2
89,31.67,7505,10K-2
91,32.78,7163,10K-2
93,33.89,6838,10K-2
95,35.00,6530,10K-2
97,36.11,6238,10K-2
99,37.22,5960,10K-2
101,38.33,5697,10K-2
103,39.44,5447,10K-2
105,40.56,5207,10K-2
107,41.67,4981,10K-2
109,42.78,4766,10K-2
111,43.89,4561,10K-2
113,45.00,4367,10K-2
115,46.11,4182,10K-2
117,47.22,4006,10K-2
119,48.33,3838,10K-2
121,49.44,3679,10K-2
123,50.56,3525,10K-2
125,51.67,3380,10K-2
127,52.78,3242,10K-2
129,53.89,3111,10K-2
131,55.00,2985,10K-2
133,56.11,2865,10K-2
135,57.22,2751,10K-2
137,58.33,2642,10K-2
139,59.44,2538,10K-2
141,60.56,2438,10K-2
143,61.67,2343,10K-2
145,62.78,2252,10K-2
147,63.89,2165,10K-2
149,65.00,2082,10K-2
151,66.11,2003,10K-2
153,67.22,1927,10K-2
155,68.33,1855,10K-2
157,69.44,1785,10K-2
159,70.56,1718,10K-2
161,71.67,1655,10K-2
163,72.78,1594,10K-2
165,73.89,1536,10K-2
167,75.00,1480,10K-2
169,76.11,1427,10K-2
171,77.22,1375,10K-2
173,78.33,1326,10K-2
175,79.44,1279,10K-2
177,80.56,1234,10K-2
179,81.67,1190,10K-2
181,82.78,1149,10K-2
183,83.89,1109,10K-2
185,85.00,1070,10K-2
187,86.11,1034,10K-2
-39,-39.44,232032,10K-3
-37,-38.33,217394,10K-3
-35,-37.22,203774,10K-3
-33,-36.11,191093,10K-3
-31,-35.00,179281,10K-3
-29,-33.89,168275,10K-3
-27,-32.78,158013,10K-3
-25,-31.67,148442,10K-3
-23,-30.56,139511,10K-3
-21,-29.44,131100,10K-3
-19,-28.33,123317,10K-3
-17,-27.22,116045,10K-3
-15,-26.11,109247,10K-3
-13,-25.00,102889,10K-3
-11,-23.89,96941,10K-3
-9,-22.78,91374,10K-3
-7,-21.67,86160,10K-3
-5,-20.56,81276,10K-3
-3,-19.44,76659,10K-3
-1,-18.33,72371,10K-3
1,-17.22,68348,10K-3
3,-16.11,64574,10K-3
5,-15.00,61031,10K-3
7,-13.89,57703,10K-3
9,-12.78,54578,10K-3
11,-11.67,51641,10K-3
13,-10.56,48879,10K-3
15,-9.44,46259,10K-3
17,-8.33,43817,10K-3
19,-7.22,41519,10K-3
21,-6.11,39354,10K-3
23,-5.00,37316,10K-3
25,-3.89,35395,10K-3
27,-2.78,33585,10K-3
29,-1.67,31878,10K-3
31,-0.56,30267,10K-3
33,0.56,28735,10K-3
35,1.67,27302,10K-3
37,2.78,25948,10K-3
39,3.89,24670,10K-3
41,5.00,23462,10K-3
43,6.11,22320,10K-3
45,7.22,21241,10K-3
47,8.33,20220,10K-3
49,9.44,19254,10K-3
51,10.56,18332,10K-3
53,11.67,17467,10K-3
55,12.78,16648,10K-3
57,13.89,15872,10K-3
59,15.00,15136,10K-3
61,16.11,14439,10K-3
63,17.22,13778,10K-3
65,18.33,13151,10K-3
67,19.44,12556,10K-3
69,20.56,11987,10K-3
71,21.67,11451,10K-3
73,22.78,10942,10K-3
75,23.89,10459,10K-3
77,25.00,10000,10K-3
79,26.11,9564,10K-3
81,27.22,9149,10K-3
83,28.33,8754,10K-3
85,29.44,8379,10K-3
87,30.56,8019,10K-3
89,31.67,7679,10K-3
91,32.78,7355,10K-3
93,33.89,7047,10K-3
95,35.00,6754,10K-3
97,36.11,6474,10K-3
99,37.22,6208,10K-3
101,38.33,5954,10K-3
103,39.44,5712,10K-3
105,40.56,5479,10K-3
107,41.67,5258,10K-3
109,42.78,5048,10K-3
111,43.89,4847,10K-3
113,45.00,4656,10K-3
115,46.11,4473,10K-3
117,47.22,4298,10K-3
119,48.33,4131,10K-3
121,49.44,3971,10K-3
123,50.56,3817,10K-3
125,51.67,3671,10K-3
127,52.78,3532,10K-3
129,53.89,3398,10K-3
131,55.00,3271,10K-3
133,56.11,3149,10K-3
135,57.22,3032,10K-3
137,58.33,2920,10K-3
139,59.44,2812,10K-3
141,60.56,2709,10K-3
143,61.67,2610,10K-3
145,62.78,2516,10K-3
147,63.89,2425,10K-3
149,65.00,2339,10K-3
151,66.11,2256,10K-3
153,67.22,2176,10K-3
155,68.33,2099,10K-3
157,69.44,2026,10K-3
159,70.56,1955,10K-3
161,71.67,1887,10K-3
163,72.78,1822,10K-3
165,73.89,1760,10K-3
167,75.00,1700,10K-3
169,76.11,1642,10K-3
171,77.22,1587,10K-3
173,78.33,1534,10K-3
175,79.44,1483,10K-3
177,80.56,1433,10K-3
179,81.67,1386,10K-3
181,82.78,1341,10K-3
183,83.89,1297,10K-3
185,85.00,1255,10K-3
187,86.11,1214,10K-3
-39,-39.44,10502,10K-3(11K)
-37,-38.33,10470,10K-3(11K)
-35,-37.22,10437,10K-3(11K)
-33,-36.11,10401,10K-3(11K)
-31,-35.00,10364,10K-3(11K)
-29,-33.89,10325,10K-3(11K)
-27,-32.78,10284,10K-3(11K)
-25,-31.67,10241,10K-3(11K)
-23,-30.56,10196,10K-3(11K)
-21,-29.44,10148,10K-3(11K)
-19,-28.33,10099,10K-3(11K)
-17,-27.22,10048,10K-3(11K)
-15,-26.11,9994,10K-3(11K)
-13,-25.00,9938,10K-3(11K)
-11,-23.89,9879,10K-3(11K)
-9,-22.78,9818,10K-3(11K)
-7,-21.67,9755,10K-3(11K)
-5,-20.56,9689,10K-3(11K)
-3,-19.44,9620,10K-3(11K)
-1,-18.33,9549,10K-3(11K)
1,-17.22,9475,10K-3(11K)
3,-16.11,9399,10K-3(11K)
5,-15.00,9320,10K-3(11K)
7,-13.89,9239,10K-3(11K)
9,-12.78,9155,10K-3(11K)
11,-11.67,9068,10K-3(11K)
13,-10.56,8979,10K-3(11K)
15,-9.44,8887,10K-3(11K)
17,-8.33,8793,10K-3(11K)
19,-7.22,8696,10K-3(11K)
21,-6.11,8597,10K-3(11K)
23,-5.00,8496,10K-3(11K)
25,-3.89,8392,10K-3(11K)
27,-2.78,8286,10K-3(11K)
29,-1.67,8178,10K-3(11K)
31,-0.56,8068,10K-3(11K)
33,0.56,7955,10K-3(11K)
35,1.67,7841,10K-3(11K)
37,2.78,7725,10K-3(11K)
39,3.89,7608,10K-3(11K)
41,5.00,7489,10K-3(11K)
43,6.11,7369,10K-3(11K)
45,7.22,7247,10K-3(11K)
47,8.33,7124,10K-3(11K)
49,9.44,7001,10K-3(11K)
51,10.56,6875,10K-3(11K)
53,11.67,6749,10K-3(11K)
55,12.78,6623,10K-3(11K)
57,13.89,6497,10K-3(11K)
59,15.00,6370,10K-3(11K)
61,16.11,6244,10K-3(11K)
63,17.22,6117,10K-3(11K)
65,18.33,5990,10K-3(11K)
67,19.44,5863,10K-3(11K)
69,20.56,5736,10K-3(11K)
71,21.67,5611,10K-3(11K)
73,22.78,5486,10K-3(11K)
75,23.89,5361,10K-3(11K)
77,25.00,5238,10K-3(11K)
79,26.11,5116,10K-3(11K)
81,27.22,4995,10K-3(11K)
83,28.33,4875,10K-3(11K)
85,29.44,4756,10K-3(11K)
87,30.56,4638,10K-3(11K)
89,31.67,4522,10K-3(11K)
91,32.78,4408,10K-3(11K)
93,33.89,4295,10K-3(11K)
95,35.00,4185,10K-3(11K)
97,36.11,4076,10K-3(11K)
99,37.22,3968,10K-3(11K)
101,38.33,3863,10K-3(11K)
103,39.44,3760,10K-3(11K)
105,40.56,3657,10K-3(11K)
107,41.67,3558,10K-3(11K)
109,42.78,3460,10K-3(11K)
111,43.89,3365,10K-3(11K)
113,45.00,3271,10K-3(11K)
115,46.11,3180,10K-3(11K)
117,47.22,3090,10K-3(11K)
119,48.33,3003,10K-3(11K)
121,49.44,2918,10K-3(11K)
123,50.56,2834,10K-3(11K)
125,51.67,2753,10K-3(11K)
127,52.78,2673,10K-3(11K)
129,53.89,2596,10K-3(11K)
131,55.00,2521,10K-3(11K)
133,56.11,2448,10K-3(11K)
135,57.22,2377,10K-3(11K)
137,58.33,2307,10K-3(11K)
139,59.44,2240,10K-3(11K)
141,60.56,2173,10K-3(11K)
143,61.67,2110,10K-3(11K)
145,62.78,2048,10K-3(11K)
147,63.89,1987,10K-3(11K)
149,65.00,1929,10K-3(11K)
151,66.11,1872,10K-3(11K)
153,67.22,1817,10K-3(11K)
155,68.33,1763,10K-3(11K)
157,69.44,1711,10K-3(11K)
159,70.56,1660,10K-3(11K)
161,71.67,1611,10K-3(11K)
163,72.78,1563,10K-3(11K)
165,73.89,1517,10K-3(11K)
167,75.00,1472,10K-3(11K)
169,76.11,1429,10K-3(11K)
171,77.22,1387,10K-3(11K)
173,78.33,1346,10K-3(11K)
175,79.44,1307,10K-3(11K)
177,80.56,1268,10K-3(11K)
179,81.67,1231,10K-3(11K)
181,82.78,1195,10K-3(11K)
183,83.89,1160,10K-3(11K)
185,85.00,1126,10K-3(11K)
187,86.11,1094,10K-3(11K)
-25.00,-31.67,121337.68,10K-4
-23.00,-30.56,114680.68,10K-4
-21.00,-29.44,107902.80,10K-4
-19.00,-28.33,102315.81,10K-4
-17.00,-27.22,96577.40,10K-4
-15.00,-26.11,91592.14,10K-4
-13.00,-25.00,86349.14,10K-4
-11.00,-23.89,81677.48,10K-4
-9.00,-22.78,77464.02,10K-4
-7.00,-21.67,73626.54,10K-4
-5.00,-20.56,69730.75,10K-4
-3.00,-19.44,65790.68,10K-4
-1.00,-18.33,62411.94,10K-4
1.00,-17.22,59195.27,10K-4
3.00,-16.11,56395.35,10K-4
5.00,-15.00,53402.02,10K-4
7.00,-13.89,50741.53,10K-4
9.00,-12.78,48116.13,10K-4
11.00,-11.67,45744.71,10K-4
13.00,-10.56,43586.77,10K-4
15.00,-9.44,41442.56,10K-4
17.00,-8.33,39415.48,10K-4
19.00,-7.22,37530.55,10K-4
21.00,-6.11,35578.85,10K-4
23.00,-5.00,33907.51,10K-4
25.00,-3.89,32315.09,10K-4
27.00,-2.78,30786.74,10K-4
29.00,-1.67,29312.33,10K-4
31.00,-0.56,28020.79,10K-4
33.00,0.56,26674.98,10K-4
35.00,1.67,25431.90,10K-4
37.00,2.78,24206.93,10K-4
39.00,3.89,23110.43,10K-4
41.00,5.00,22123.34,10K-4
43.00,6.11,21124.21,10K-4
45.00,7.22,20118.13,10K-4
47.00,8.33,19198.17,10K-4
49.00,9.44,18355.72,10K-4
51.00,10.56,17534.65,10K-4
53.00,11.67,16815.62,10K-4
55.00,12.78,16068.06,10K-4
57.00,13.89,15367.29,10K-4
59.00,15.00,14712.78,10K-4
61.00,16.11,14094.43,10K-4
63.00,17.22,13509.16,10K-4
65.00,18.33,12890.21,10K-4
67.00,19.44,12363.62,10K-4
69.00,20.56,11835.75,10K-4
71.00,21.67,11352.68,10K-4
73.00,22.78,10887.19,10K-4
75.00,23.89,10436.13,10K-4
77.00,25.00,10000.00,10K-4
79.00,26.11,9624.30,10K-4
81.00,27.22,9209.57,10K-4
83.00,28.33,8849.35,10K-4
85.00,29.44,8495.83,10K-4
87.00,30.56,8173.71,10K-4
89.00,31.67,7829.49,10K-4
91.00,32.78,7527.17,10K-4
93.00,33.89,7227.13,10K-4
95.00,35.00,6962.64,10K-4
97.00,36.11,6697.32,10K-4
99.00,37.22,6431.78,10K-4
101.00,38.33,6196.38,10K-4
103.00,39.44,5959.41,10K-4
105.00,40.56,5740.43,10K-4
107.00,41.67,5526.53,10K-4
109.00,42.78,5309.32,10K-4
111.00,43.89,5115.09,10K-4
113.00,45.00,4940.96,10K-4
115.00,46.11,4762.40,10K-4
117.00,47.22,4579.39,10K-4
119.00,48.33,4414.63,10K-4
121.00,49.44,4266.17,10K-4
123.00,50.56,4107.56,10K-4
125.00,51.67,3968.75,10K-4
127.00,52.78,3824.52,10K-4
129.00,53.89,3693.44,10K-4
131.00,55.00,3557.25,10K-4
133.00,56.11,3433.21,10K-4
135.00,57.22,3320.24,10K-4
137.00,58.33,3201.62,10K-4
139.00,59.44,3093.24,10K-4
141.00,60.56,2991.41,10K-4
143.00,61.67,2886.83,10K-4
145.00,62.78,2790.85,10K-4
147.00,63.89,2702.95,10K-4
149.00,65.00,2609.54,10K-4
151.00,66.11,2523.56,10K-4
153.00,67.22,2444.57,10K-4
155.00,68.33,2360.03,10K-4
157.00,69.44,2282.17,10K-4
159.00,70.56,2208.35,10K-4
161.00,71.67,2141.84,10K-4
163.00,72.78,2070.24,10K-4
165.00,73.89,2013.64,10K-4
167.00,75.00,1942.42,10K-4
169.00,76.11,1885.14,10K-4
171.00,77.22,1823.37,10K-4
-39,-39.44,776470,20K
-37,-38.33,719538,20K
-35,-37.22,667144,20K
-33,-36.11,618900,20K
-31,-35.00,574453,20K
-29,-33.89,533481,20K
-27,-32.78,495691,20K
-25,-31.67,460818,20K
-23,-30.56,428619,20K
-21,-29.44,398615,20K
-19,-28.33,371140,20K
-17,-27.22,345732,20K
-15,-26.11,322223,20K
-13,-25.00,300459,20K
-11,-23.89,280301,20K
-9,-22.78,261622,20K
-7,-21.67,244304,20K
-5,-20.56,228239,20K
-3,-19.44,213201,20K
-1,-18.33,199368,20K
1,-17.22,186518,20K
3,-16.11,174575,20K
5,-15.00,163471,20K
7,-13.89,153140,20K
9,-12.78,143526,20K
11,-11.67,134575,20K
13,-10.56,126236,20K
15,-9.44,118397,20K
17,-8.33,111156,20K
19,-7.22,104402,20K
21,-6.11,98099,20K
23,-5.00,92214,20K
25,-3.89,86719,20K
27,-2.78,81583,20K
29,-1.67,76783,20K
31,-0.56,72294,20K
33,0.56,68057,20K
35,1.67,64129,20K
37,2.78,60451,20K
39,3.89,57005,20K
41,5.00,53777,20K
43,6.11,50750,20K
45,7.22,47912,20K
47,8.33,45249,20K
49,9.44,42750,20K
51,10.56,40383,20K
53,11.67,38180,20K
55,12.78,36111,20K
57,13.89,34165,20K
59,15.00,32336,20K
61,16.11,30615,20K
63,17.22,28996,20K
65,18.33,27472,20K
67,19.44,26037,20K
69,20.56,24674,20K
71,21.67,23400,20K
73,22.78,22200,20K
75,23.89,21068,20K
77,25.00,20001,20K
79,26.11,18994,20K
81,27.22,18043,20K
83,28.33,17145,20K
85,29.44,16297,20K
87,30.56,15488,20K
89,31.67,14731,20K
91,32.78,14016,20K
93,33.89,13339,20K
95,35.00,12699,20K
97,36.11,12092,20K
99,37.22,11519,20K
101,38.33,10975,20K
103,39.44,10461,20K
105,40.56,9969,20K
107,41.67,9507,20K
109,42.78,9069,20K
111,43.89,8654,20K
113,45.00,8260,20K
115,46.11,7886,20K
117,47.22,7531,20K
119,48.33,7194,20K
121,49.44,6874,20K
123,50.56,6567,20K
125,51.67,6278,20K
127,52.78,6004,20K
129,53.89,5742,20K
131,55.00,5494,20K
133,56.11,5258,20K
135,57.22,5033,20K
137,58.33,4819,20K
139,59.44,4616,20K
141,60.56,4420,20K
143,61.67,4235,20K
145,62.78,4059,20K
147,63.89,3892,20K
149,65.00,3732,20K
151,66.11,3579,20K
153,67.22,3434,20K
155,68.33,3295,20K
157,69.44,3163,20K
159,70.56,3035,20K
161,71.67,2914,20K
163,72.78,2799,20K
165,73.89,2689,20K
167,75.00,2584,20K
169,76.11,2484,20K
171,77.22,2388,20K
173,78.33,2296,20K
175,79.44,2208,20K
177,80.56,2123,20K
179,81.67,2043,20K
181,82.78,1966,20K
183,83.89,1892,20K
185,85.00,1822,20K
187,86.11,1754,20K
-39,-39.44,1531956,47K
-37,-38.33,1425406,47K
-35,-37.22,1326920,47K
-33,-36.11,1235843,47K
-31,-35.00,1151576,47K
-29,-33.89,1073571,47K
-27,-32.78,1001327,47K
-25,-31.67,934386,47K
-23,-30.56,872330,47K
-21,-29.44,814274,47K
-19,-28.33,760902,47K
-17,-27.22,711353,47K
-15,-26.11,665333,47K
-13,-25.00,622569,47K
-11,-23.89,582814,47K
-9,-22.78,545838,47K
-7,-21.67,511432,47K
-5,-20.56,479403,47K
-3,-19.44,449314,47K
-1,-18.33,421538,47K
1,-17.22,395646,47K
3,-16.11,371501,47K
5,-15.00,348974,47K
7,-13.89,327948,47K
9,-12.78,308315,47K
11,-11.67,289975,47K
13,-10.56,272835,47K
15,-9.44,256671,47K
17,-8.33,241692,47K
19,-7.22,227677,47K
21,-6.11,214557,47K
23,-5.00,202271,47K
25,-3.89,190762,47K
27,-2.78,179975,47K
29,-1.67,169862,47K
31,-0.56,160377,47K
33,0.56,151399,47K
35,1.67,143050,47K
37,2.78,135211,47K
39,3.89,127847,47K
41,5.00,120927,47K
43,6.11,114422,47K
45,7.22,108304,47K
47,8.33,102549,47K
49,9.44,97134,47K
51,10.56,91991,47K
53,11.67,87192,47K
55,12.78,82672,47K
57,13.89,78412,47K
59,15.00,74395,47K
61,16.11,70608,47K
63,17.22,67035,47K
65,18.33,63663,47K
67,19.44,60480,47K
69,20.56,57448,47K
71,21.67,54611,47K
73,22.78,51929,47K
75,23.89,49395,47K
77,25.00,46998,47K
79,26.11,44731,47K
81,27.22,42586,47K
83,28.33,40557,47K
85,29.44,38635,47K
87,30.56,36799,47K
89,31.67,35076,47K
91,32.78,33443,47K
93,33.89,31895,47K
95,35.00,30428,47K
97,36.11,29036,47K
99,37.22,27715,47K
101,38.33,26462,47K
103,39.44,25272,47K
105,40.56,24133,47K
107,41.67,23061,47K
109,42.78,22042,47K
111,43.89,21073,47K
113,45.00,20153,47K
115,46.11,19278,47K
117,47.22,18445,47K
119,48.33,17653,47K
121,49.44,16899,47K
123,50.56,16175,47K
125,51.67,15493,47K
127,52.78,14842,47K
129,53.89,14223,47K
131,55.00,13632,47K
133,56.11,13070,47K
135,57.22,12533,47K
137,58.33,12021,47K
139,59.44,11533,47K
141,60.56,11064,47K
143,61.67,10620,47K
145,62.78,10196,47K
147,63.89,9791,47K
149,65.00,9404,47K
151,66.11,9035,47K
153,67.22,8682,47K
155,68.33,8345,47K
157,69.44,8022,47K
159,70.56,7711,47K
161,71.67,7416,47K
163,72.78,7135,47K
165,73.89,6865,47K
167,75.00,6607,47K
169,76.11,6359,47K
171,77.22,6123,47K
173,78.33,5896,47K
175,79.44,5679,47K
177,80.56,5469,47K
179,81.67,5270,47K
181,82.78,5079,47K
183,83.89,4896,47K
185,85.00,4721,47K
187,86.11,4552,47K
-39,-39.44,1956240,50K
-37,-38.33,1812199,50K
-35,-37.22,1679700,50K
-33,-36.11,1557748,50K
-31,-35.00,1445439,50K
-29,-33.89,1341952,50K
-27,-32.78,1246540,50K
-25,-31.67,1158525,50K
-23,-30.56,1077290,50K
-21,-29.44,1001621,50K
-19,-28.33,932353,50K
-17,-27.22,868317,50K
-15,-26.11,809086,50K
-13,-25.00,754271,50K
-11,-23.89,703517,50K
-9,-22.78,656499,50K
-7,-21.67,612919,50K
-5,-20.56,572506,50K
-3,-19.44,534686,50K
-1,-18.33,499905,50K
1,-17.22,467604,50K
3,-16.11,437592,50K
5,-15.00,409692,50K
7,-13.89,383745,50K
9,-12.78,359601,50K
11,-11.67,337126,50K
13,-10.56,316194,50K
15,-9.44,296522,50K
17,-8.33,278353,50K
19,-7.22,261408,50K
21,-6.11,245599,50K
23,-5.00,230842,50K
25,-3.89,217062,50K
27,-2.78,204189,50K
29,-1.67,192156,50K
31,-0.56,180906,50K
33,0.56,170291,50K
35,1.67,160449,50K
37,2.78,151235,50K
39,3.89,142605,50K
41,5.00,134519,50K
43,6.11,126941,50K
45,7.22,119834,50K
47,8.33,113168,50K
49,9.44,106912,50K
51,10.56,100988,50K
53,11.67,95475,50K
55,12.78,90296,50K
57,13.89,85428,50K
59,15.00,80852,50K
61,16.11,76547,50K
63,17.22,72497,50K
65,18.33,68685,50K
67,19.44,65095,50K
69,20.56,61685,50K
71,21.67,58500,50K
73,22.78,55499,50K
75,23.89,52669,50K
77,25.00,50000,50K
79,26.11,47481,50K
81,27.22,45104,50K
83,28.33,42859,50K
85,29.44,40739,50K
87,30.56,38718,50K
89,31.67,36826,50K
91,32.78,35037,50K
93,33.89,33345,50K
95,35.00,31745,50K
97,36.11,30230,50K
99,37.22,28796,50K
101,38.33,27438,50K
103,39.44,26152,50K
105,40.56,24923,50K
107,41.67,23768,50K
109,42.78,22674,50K
111,43.89,21635,50K
113,45.00,20651,50K
115,46.11,19716,50K
117,47.22,18829,50K
119,48.33,17987,50K
121,49.44,17187,50K
123,50.56,16421,50K
125,51.67,15699,50K
127,52.78,15013,50K
129,53.89,14360,50K
131,55.00,13740,50K
133,56.11,13150,50K
135,57.22,12588,50K
137,58.33,12053,50K
139,59.44,11544,50K
141,60.56,11055,50K
143,61.67,10593,50K
145,62.78,10154,50K
147,63.89,9734,50K
149,65.00,9335,50K
151,66.11,8954,50K
153,67.22,8590,50K
155,68.33,8243,50K
157,69.44,7912,50K
159,70.56,7593,50K
161,71.67,7292,50K
163,72.78,7004,50K
165,73.89,6729,50K
167,75.00,6466,50K
169,76.11,6215,50K
171,77.22,5975,50K
173,78.33,5745,50K
175,79.44,5526,50K
177,80.56,5314,50K
179,81.67,5113,50K
181,82.78,4921,50K
183,83.89,4737,50K
185,85.00,4561,50K
187,86.11,4392,50K
-39,-39.44,3916295,100K
-37,-38.33,3627711,100K
-35,-37.22,3362274,100K
-33,-36.11,3117987,100K
-31,-35.00,2893035,100K
-29,-33.89,2685770,100K
-27,-32.78,2494694,100K
-25,-31.67,2318444,100K
-23,-30.56,2155781,100K
-21,-29.44,2004274,100K
-19,-28.33,1865595,100K
-17,-27.22,1737397,100K
-15,-26.11,1618827,100K
-13,-25.00,1509102,100K
-11,-23.89,1407512,100K
-9,-22.78,1313405,100K
-7,-21.67,1226184,100K
-5,-20.56,1145306,100K
-3,-19.44,1069620,100K
-1,-18.33,1000019,100K
1,-17.22,935383,100K
3,-16.11,875329,100K
5,-15.00,819505,100K
7,-13.89,767589,100K
9,-12.78,719284,100K
11,-11.67,674319,100K
13,-10.56,632442,100K
15,-9.44,593086,100K
17,-8.33,556739,100K
19,-7.22,522842,100K
21,-6.11,491217,100K
23,-5.00,461699,100K
25,-3.89,434134,100K
27,-2.78,408383,100K
29,-1.67,384316,100K
31,-0.56,361813,100K
33,0.56,340581,100K
35,1.67,320895,100K
37,2.78,302466,100K
39,3.89,285206,100K
41,5.00,269035,100K
43,6.11,253877,100K
45,7.22,239664,100K
47,8.33,226331,100K
49,9.44,213819,100K
51,10.56,201971,100K
53,11.67,190946,100K
55,12.78,180588,100K
57,13.89,170853,100K
59,15.00,161700,100K
61,16.11,153092,100K
63,17.22,144992,100K
65,18.33,137367,100K
67,19.44,130189,100K
69,20.56,123368,100K
71,21.67,117000,100K
73,22.78,110998,100K
75,23.89,105338,100K
77,25.00,100000,100K
79,26.11,94963,100K
81,27.22,90208,100K
83,28.33,85719,100K
85,29.44,81479,100K
87,30.56,77438,100K
89,31.67,73654,100K
91,32.78,70076,100K
93,33.89,66692,100K
95,35.00,63491,100K
97,36.11,60461,100K
99,37.22,57594,100K
101,38.33,54878,100K
103,39.44,52306,100K
105,40.56,49847,100K
107,41.67,47538,100K
109,42.78,45349,100K
111,43.89,43273,100K
113,45.00,41303,100K
115,46.11,39434,100K
117,47.22,37660,100K
119,48.33,35976,100K
121,49.44,34376,100K
123,50.56,32843,100K
125,51.67,31399,100K
127,52.78,30027,100K
129,53.89,28722,100K
131,55.00,27481,100K
133,56.11,26300,100K
135,57.22,25177,100K
137,58.33,24107,100K
139,59.44,23089,100K
141,60.56,22111,100K
143,61.67,21188,100K
145,62.78,20308,100K
147,63.89,19469,100K
149,65.00,18670,100K
151,66.11,17907,100K
153,67.22,17180,100K
155,68.33,16486,100K
157,69.44,15824,100K
159,70.56,15187,100K
161,71.67,14584,100K
163,72.78,14008,100K
165,73.89,13458,100K
167,75.00,12932,100K
169,76.11,12430,100K
171,77.22,11949,100K
173,78.33,11490,100K
175,79.44,11051,100K
177,80.56,10627,100K
179,81.67,10225,100K
181,82.78,9841,100K
183,83.89,9473,100K
185,85.00,9121,100K
187,86.11,8783,100K
